--STUDENT TABLE DATA 

INSERT INTO STUDENTS (STUDENT_ID, NAME, COURSE, YEAR_OF_STUDY, EMAIL)VALUES
(1, 'ANSHIKA RANAUT', 'MBA IN FINANCE', 1, 'ANSHIKA.RANAUT@GMAIL.COM'),
(2, 'AYUSH RAWAT', 'MBA IN MARKETING', 2, 'AYUSH.RAWAT@GMAIL.COM'),
(3, 'ROHIT VERMA', 'MBA IN OPERATIONS', 1, 'ROHIT.VERMA@GMAIL.COM'),
(4, 'SNEHA KAPOOR', 'MBA IN HUMAN RESOURCES', 2, 'SNEHA.KAPOOR@GMAIL.COM'),
(5, 'AMAN GUPTA', 'MBA IN BUSINESS ANALYTICS', 1, 'AMAN.GUPTA@GMAIL.COM'),
(6, 'KARAN MALHOTRA', 'MBA IN INTERNATIONAL BUSINESS', 2, 'KARAN.MALHOTRA@GMAIL.COM'),
(7, 'ANANYA IYER', 'MBA IN INFORMATION TECHNOLOGY', 1, 'ANANYA.IYER@GMAIL.COM'),
(8, 'VIKRAM SINHA', 'MBA IN SUPPLY CHAIN MANAGEMENT', 2, 'VIKRAM.SINHA@GMAIL.COM'),
(9, 'MEERA NAIR', 'MBA IN FINANCE', 1, 'MEERA.NAIR@GMAIL.COM'),
(10, 'RAHUL DESAI', 'MBA IN MARKETING', 2, 'RAHUL.DESAI@GMAIL.COM'),
(11, 'DIVYA REDDY', 'MBA IN HUMAN RESOURCES', 1, 'DIVYA.REDDY@GMAIL.COM'),
(12, 'SIDDHARTH JOSHI', 'MBA IN OPERATIONS', 2, 'SIDDHARTH.JOSHI@GMAIL.COM'),
(13, 'NEHA CHAWLA', 'MBA IN BUSINESS ANALYTICS', 1, 'NEHA.CHAWLA@GMAIL.COM'),
(14, 'ARVIND KUMAR', 'MBA IN ENTREPRENEURSHIP', 2, 'ARVIND.KUMAR@GMAIL.COM'),
(15, 'SIMRAN KAUR', 'MBA IN HEALTHCARE MANAGEMENT', 1, 'SIMRAN.KAUR@GMAIL.COM'),
(16, 'MANISH PANDEY', 'MBA IN INTERNATIONAL BUSINESS', 2, 'MANISH.PANDEY@GMAIL.COM'),
(17, 'RITIKA SINGH', 'MBA IN FINANCE', 1, 'RITIKA.SINGH@GMAIL.COM'),
(18, 'HARSH VARDHAN', 'MBA IN INFORMATION TECHNOLOGY', 2, 'HARSH.VARDHAN@GMAIL.COM'),
(19, 'POOJA RAMESH', 'MBA IN SUPPLY CHAIN MANAGEMENT', 1, 'POOJA.RAMESH@GMAIL.COM'),
(20, 'AAKASH JAIN', 'MBA IN MARKETING', 2, 'AAKASH.JAIN@GMAIL.COM'),
(21, 'TANYA KAPOOR', 'MBA IN HUMAN RESOURCES', 1, 'TANYA.KAPOOR@GMAIL.COM'),
(22, 'ADITYA RAO', 'MBA IN BUSINESS ANALYTICS', 2, 'ADITYA.RAO@GMAIL.COM'),
(23, 'SHREYA BANERJEE', 'MBA IN OPERATIONS', 1, 'SHREYA.BANERJEE@GMAIL.COM'),
(24, 'NIKHIL SHARMA', 'MBA IN FINANCE', 2, 'NIKHIL.SHARMA@GMAIL.COM'),
(25, 'ISHA AGARWAL', 'MBA IN ENTREPRENEURSHIP', 1, 'ISHA.AGARWAL@GMAIL.COM'),
(26, 'ROHINI MENON', 'MBA IN FINANCE', 1, 'ROHINI.MENON@YAHOO.COM'),
(27, 'SURESH PILLAI', 'MBA IN MARKETING', 2, 'SURESH.PILLAI@OUTLOOK.COM'),
(28, 'KAVYA RATHI', 'MBA IN HUMAN RESOURCES', 1, 'KAVYA.RATHI@YAHOO.COM'),
(29, 'ABHISHEK PATIL', 'MBA IN OPERATIONS', 2, 'ABHISHEK.PATIL@OUTLOOK.COM'),
(30, 'DEEPIKA CHAUHAN', 'MBA IN BUSINESS ANALYTICS', 1, 'DEEPIKA.CHAUHAN@YAHOO.COM'),
(31, 'ROHAN KULKARNI', 'MBA IN INFORMATION TECHNOLOGY', 2, 'ROHAN.KULKARNI@OUTLOOK.COM'),
(32, 'ANJALI MISHRA', 'MBA IN SUPPLY CHAIN MANAGEMENT', 1, 'ANJALI.MISHRA@YAHOO.COM'),
(33, 'VIVEK SAXENA', 'MBA IN ENTREPRENEURSHIP', 2, 'VIVEK.SAXENA@OUTLOOK.COM'),
(34, 'PALLAVI GHOSH', 'MBA IN HEALTHCARE MANAGEMENT', 1, 'PALLAVI.GHOSH@YAHOO.COM'),
(35, 'KUNAL CHOPRA', 'MBA IN INTERNATIONAL BUSINESS', 2, 'KUNAL.CHOPRA@OUTLOOK.COM');

--BOOKS TABLE DATA
INSERT INTO BOOKS (BOOK_ID, TITLE, AUTHOR, CATEGORY, TOTAL_COPIES)VALUES
(1, 'MARKETING MANAGEMENT', 'PHILIP KOTLER', 'MARKETING', 10),
(2, 'PRINCIPLES OF MARKETING', 'PHILIP KOTLER', 'MARKETING', 8),
(3, 'KOTLER ON MARKETING', 'PHILIP KOTLER', 'MARKETING', 6),
(4, 'FINANCIAL MANAGEMENT: THEORY AND PRACTICE', 'EUGENE F. BRIGHAM', 'FINANCE', 7),
(5, 'INVESTMENT ANALYSIS AND PORTFOLIO MANAGEMENT', 'PRASANNA CHANDRA', 'FINANCE', 5),
(6, 'HUMAN RESOURCE MANAGEMENT', 'GARY DESSLER', 'HUMAN RESOURCES', 9),
(7, 'ORGANIZATIONAL BEHAVIOR', 'STEPHEN P. ROBBINS', 'HUMAN RESOURCES', 10),
(8, 'OPERATIONS MANAGEMENT', 'JAY HEIZER & BARRY RENDER', 'OPERATIONS', 8),
(9, 'SUPPLY CHAIN MANAGEMENT: STRATEGY, PLANNING, AND OPERATION', 'SUNIL CHOPRA', 'OPERATIONS & SCM', 6),
(10, 'BUSINESS ANALYTICS: THE SCIENCE OF DATA-DRIVEN DECISION MAKING', 'U. DINESH KUMAR', 'BUSINESS ANALYTICS', 7),
(11, 'COMPETITIVE STRATEGY', 'MICHAEL E. PORTER', 'STRATEGY', 6),
(12, 'BLUE OCEAN STRATEGY', 'W. CHAN KIM & RENÉE MAUBORGNE', 'STRATEGY', 5),
(13, 'INTERNATIONAL BUSINESS: COMPETING IN THE GLOBAL MARKETPLACE', 'CHARLES W. L. HILL', 'INTERNATIONAL BUSINESS', 6),
(14, 'ENTREPRENEURSHIP DEVELOPMENT', 'S.S. KHANKA', 'ENTREPRENEURSHIP', 4),
(15, 'HEALTHCARE MANAGEMENT', 'KURT DARR', 'HEALTHCARE MANAGEMENT', 5),
(16, 'PRINCIPLES OF MARKETING: GLOBAL EDITION', 'PHILIP KOTLER & GARY ARMSTRONG', 'MARKETING', 8),
(17, 'MARKETING 4.0: MOVING FROM TRADITIONAL TO DIGITAL', 'PHILIP KOTLER', 'MARKETING', 7),
(18, 'FINANCE FOR MANAGERS', 'HARVARD BUSINESS REVIEW', 'FINANCE', 6),
(19, 'CORPORATE FINANCE', 'JONATHAN BERK & PETER DEMARZO', 'FINANCE', 5),
(20, 'FINANCIAL ACCOUNTING', 'ROBERT LIBBY', 'FINANCE', 6),
(21, 'STRATEGIC HUMAN RESOURCE MANAGEMENT', 'JEFFREY A. MELLO', 'HUMAN RESOURCES', 7),
(22, 'TALENT MANAGEMENT HANDBOOK', 'LANCE BERGER & DOROTHY BERGER', 'HUMAN RESOURCES', 5),
(23, 'OPERATIONS STRATEGY', 'NIGEL SLACK & MICHAEL LEWIS', 'OPERATIONS', 6),
(24, 'SERVICE OPERATIONS MANAGEMENT', 'ROBERT JOHNSTON & GRAHAM CLARK', 'OPERATIONS', 5),
(25, 'BUSINESS STATISTICS FOR CONTEMPORARY DECISION MAKING', 'KEN BLACK', 'BUSINESS ANALYTICS', 6),
(26, 'DATA SCIENCE FOR BUSINESS', 'FOSTER PROVOST & TOM FAWCETT', 'BUSINESS ANALYTICS', 7),
(27, 'BIG DATA AT WORK', 'THOMAS H. DAVENPORT', 'BUSINESS ANALYTICS', 5),
(28, 'THE STRATEGY BOOK', 'MAX MCKEOWN', 'STRATEGY', 6),
(29, 'GOOD STRATEGY BAD STRATEGY', 'RICHARD RUMELT', 'STRATEGY', 7),
(30, 'THE ART OF STRATEGY', 'AVINASH K. DIXIT & BARRY J. NALEBUFF', 'STRATEGY', 6),
(31, 'GLOBAL BUSINESS TODAY', 'CHARLES W. L. HILL', 'INTERNATIONAL BUSINESS', 5),
(32, 'INTERNATIONAL MANAGEMENT', 'HELEN DERESKY', 'INTERNATIONAL BUSINESS', 6),
(33, 'THE INNOVATOR’S DILEMMA', 'CLAYTON CHRISTENSEN', 'ENTREPRENEURSHIP', 7),
(34, 'THE LEAN STARTUP', 'ERIC RIES', 'ENTREPRENEURSHIP', 9),
(35, 'ZERO TO ONE', 'PETER THIEL', 'ENTREPRENEURSHIP', 8),
(36, 'HEALTHCARE OPERATIONS MANAGEMENT', 'DANIEL B. MCLAUGHLIN', 'HEALTHCARE MANAGEMENT', 5),
(37, 'ESSENTIALS OF HEALTH CARE FINANCE', 'WILLIAM O. CLEVERLEY', 'HEALTHCARE MANAGEMENT', 4),
(38, 'INFORMATION SYSTEMS FOR MANAGERS', 'GORDON B. DAVIS', 'INFORMATION TECHNOLOGY', 6),
(39, 'MANAGING INFORMATION TECHNOLOGY', 'CAROL BROWN', 'INFORMATION TECHNOLOGY', 5),
(40, 'DIGITAL TRANSFORMATION PLAYBOOK', 'DAVID L. ROGERS', 'INFORMATION TECHNOLOGY', 7),
(41, 'THE INTELLIGENT INVESTOR', 'BENJAMIN GRAHAM', 'FINANCE', 10),
(42, 'VALUATION: MEASURING AND MANAGING THE VALUE OF COMPANIES', 'MCKINSEY & COMPANY', 'FINANCE', 8),
(43, 'PROJECT MANAGEMENT: A SYSTEMS APPROACH', 'HAROLD KERZNER', 'OPERATIONS', 6),
(44, 'PRINCIPLES OF MANAGEMENT', 'HAROLD KOONTZ & HEINZ WEIHRICH', 'GENERAL MANAGEMENT', 9),
(45, 'LEADERSHIP AND SELF-DECEPTION', 'THE ARBINGER INSTITUTE', 'LEADERSHIP', 6);

--TRANSACTION TABLE

INSERT INTO TRANSACTIONS (TRANSACTION_ID, BOOK_ID, STUDENT_ID, BORROW_DATE, RETURN_DATE, DUE_DATE, FINE_AMOUNT)VALUES
(1, 35, 11, '2024-10-24', '2024-11-04', '2024-10-31', 40),
(2, 21, 28, '2025-06-22', '2025-07-07', '2025-07-02', 50),
(3, 6, 34, '2024-10-28', '2024-11-09', '2024-11-10', 0),
(4, 12, 15, '2025-07-26', '2025-08-06', '2025-08-04', 20),
(5, 28, 17, '2024-09-27', '2024-10-15', '2024-10-10', 50),
(6, 41, 17, '2025-03-07', '2025-03-23', '2025-03-19', 40),
(7, 42, 19, '2024-08-06', '2024-08-17', '2024-08-15', 20),
(8, 40, 15, '2025-07-02', '2025-07-19', '2025-07-11', 80),
(9, 6, 30, '2025-04-06', '2025-04-12', '2025-04-15', 0),
(10, 40, 25, '2025-06-15', '2025-06-29', '2025-06-28', 10),
(11, 42, 5, '2024-11-05', '2024-11-16', '2024-11-12', 40),
(12, 19, 20, '2025-02-17', '2025-02-28', '2025-03-03', 0),
(13, 9, 4, '2025-03-12', '2025-03-25', '2025-03-21', 40),
(14, 13, 26, '2025-03-12', '2025-04-02', '2025-03-20', 130),
(15, 17, 14, '2025-04-17', '2025-05-04', '2025-04-29', 50),
(16, 35, 22, '2025-03-16', '2025-03-21', '2025-03-27', 0),
(17, 25, 9, '2024-09-07', '2024-09-15', '2024-09-20', 0),
(18, 11, 16, '2025-06-26', '2025-07-17', '2025-07-05', 120),
(19, 3, 3, '2025-02-04', '2025-02-25', '2025-02-11', 140),
(20, 2, 28, '2025-02-19', '2025-03-03', '2025-03-03', 0),
(21, 8, 18, '2025-07-05', '2025-07-10', '2025-07-16', 0),
(22, 37, 2, '2025-01-16', '2025-02-03', '2025-01-24', 100),
(23, 11, 14, '2025-05-23', '2025-06-07', '2025-06-06', 10),
(24, 13, 14, '2025-07-21', '2025-08-11', '2025-08-01', 100),
(25, 18, 1, '2025-03-15', '2025-03-20', '2025-03-22', 0),
(26, 6, 4, '2025-02-16', '2025-02-28', '2025-02-25', 30),
(27, 43, 11, '2024-11-08', '2024-11-26', '2024-11-15', 110),
(28, 17, 19, '2025-07-08', '2025-07-22', '2025-07-15', 70),
(29, 7, 34, '2025-01-25', '2025-02-03', '2025-02-02', 10),
(30, 12, 25, '2024-07-26', '2024-08-08', '2024-08-02', 60),
(31, 28, 14, '2025-06-05', '2025-06-28', '2025-06-17', 110),
(32, 2, 11, '2025-04-04', '2025-04-22', '2025-04-12', 100),
(33, 4, 17, '2025-02-13', '2025-02-25', '2025-02-24', 10),
(34, 23, 1, '2025-06-06', '2025-06-27', '2025-06-19', 80),
(35, 40, 31, '2024-08-17', '2024-08-30', '2024-08-27', 30),
(36, 23, 5, '2024-10-24', '2024-11-03', '2024-11-05', 0),
(37, 27, 27, '2025-03-26', '2025-04-16', '2025-04-05', 110),
(38, 36, 8, '2025-03-31', '2025-04-19', '2025-04-14', 50),
(39, 17, 24, '2025-02-16', '2025-03-06', '2025-02-28', 60),
(40, 34, 21, '2025-06-29', '2025-07-14', '2025-07-08', 60),
(41, 11, 10, '2024-12-24', '2025-01-18', '2025-01-01', 170),
(42, 32, 2, '2024-06-21', '2024-07-08', '2024-06-29', 90),
(43, 21, 35, '2024-12-02', '2024-12-13', '2024-12-14', 0),
(44, 40, 31, '2025-06-11', '2025-07-01', '2025-06-22', 90),
(45, 10, 29, '2024-08-23', '2024-09-01', '2024-09-06', 0),
(46, 8, 19, '2025-04-10', '2025-04-29', '2025-04-23', 60),
(47, 23, 9, '2025-04-16', '2025-05-07', '2025-04-25', 120),
(48, 37, 17, '2024-08-10', '2024-08-26', '2024-08-18', 80),
(49, 22, 8, '2024-06-18', '2024-06-23', '2024-06-26', 0),
(50, 15, 32, '2024-06-23', '2024-06-30', '2024-07-06', 0),
(51, 1, 30, '2025-07-16', '2025-08-05', '2025-07-26', 100),
(52, 24, 15, '2025-02-21', '2025-03-17', '2025-03-07', 100),
(53, 26, 10, '2025-05-03', '2025-05-27', '2025-05-15', 120),
(54, 36, 33, '2025-03-01', '2025-03-08', '2025-03-11', 0),
(55, 43, 28, '2025-06-17', '2025-07-08', '2025-06-27', 110),
(56, 28, 31, '2025-04-24', '2025-05-17', '2025-05-06', 110),
(57, 11, 8, '2025-07-08', '2025-07-30', '2025-07-17', 130),
(58, 11, 18, '2024-12-26', '2025-01-08', '2025-01-06', 20),
(59, 35, 7, '2024-11-24', '2024-12-17', '2024-12-07', 100),
(60, 9, 15, '2024-10-14', '2024-11-01', '2024-10-28', 40),
(61, 33, 2, '2025-01-13', '2025-01-26', '2025-01-20', 60),
(62, 36, 21, '2025-04-21', '2025-05-02', '2025-04-28', 40),
(63, 32, 28, '2025-01-31', '2025-02-06', '2025-02-11', 0),
(64, 27, 22, '2024-10-10', '2024-11-01', '2024-10-22', 100),
(65, 27, 33, '2024-11-16', '2024-12-04', '2024-11-25', 90),
(66, 23, 16, '2025-04-07', '2025-05-01', '2025-04-18', 130),
(67, 21, 8, '2025-01-26', '2025-02-12', '2025-02-02', 100),
(68, 16, 23, '2024-12-27', '2025-01-14', '2025-01-05', 90),
(69, 17, 4, '2024-08-30', '2024-09-21', '2024-09-07', 140),
(70, 21, 15, '2025-07-04', '2025-07-18', '2025-07-15', 30),
(71, 30, 20, '2024-11-15', '2024-12-09', '2024-11-25', 140),
(72, 13, 30, '2025-05-02', '2025-05-11', '2025-05-16', 0),
(73, 1, 28, '2025-05-03', '2025-05-13', '2025-05-12', 10),
(74, 20, 14, '2025-07-05', '2025-07-14', '2025-07-17', 0),
(75, 4, 9, '2025-07-07', '2025-07-27', '2025-07-17', 100),
(76, 33, 6, '2025-02-22', '2025-03-01', '2025-03-01', 0),
(77, 6, 16, '2024-07-17', '2024-07-27', '2024-07-31', 0),
(78, 39, 27, '2024-06-14', '2024-07-07', '2024-06-27', 100),
(79, 22, 5, '2024-11-03', '2024-11-12', '2024-11-11', 10),
(80, 23, 4, '2025-07-02', '2025-07-23', '2025-07-09', 140),
(81, 35, 28, '2024-07-16', '2024-07-31', '2024-07-28', 30),
(82, 36, 17, '2024-07-20', '2024-07-27', '2024-07-30', 0),
(83, 20, 5, '2025-01-07', '2025-01-16', '2025-01-19', 0),
(84, 22, 35, '2025-05-26', '2025-06-18', '2025-06-02', 160),
(85, 29, 4, '2025-03-25', '2025-04-02', '2025-04-06', 0),
(86, 30, 23, '2025-07-13', '2025-07-19', '2025-07-27', 0),
(87, 9, 20, '2024-12-17', '2024-12-27', '2024-12-28', 0),
(88, 12, 30, '2025-06-25', '2025-07-13', '2025-07-02', 110),
(89, 28, 21, '2024-08-01', '2024-08-07', '2024-08-15', 0),
(90, 34, 4, '2024-11-18', '2024-12-07', '2024-11-28', 90),
(91, 22, 1, '2024-12-04', '2024-12-12', '2024-12-13', 0),
(92, 6, 32, '2024-06-10', '2024-06-19', '2024-06-18', 10),
(93, 40, 25, '2024-12-03', '2024-12-22', '2024-12-13', 90),
(94, 6, 25, '2025-04-16', '2025-04-22', '2025-04-23', 0),
(95, 13, 16, '2024-11-05', '2024-11-11', '2024-11-18', 0),
(96, 45, 3, '2024-08-12', '2024-08-18', '2024-08-21', 0),
(97, 23, 22, '2025-02-07', '2025-03-01', '2025-02-19', 100),
(98, 45, 23, '2024-11-09', '2024-11-19', '2024-11-19', 0),
(99, 41, 33, '2024-11-14', '2024-11-22', '2024-11-26', 0),
(100, 26, 5, '2025-08-05', '2025-03-15', '2025-03-14', 10),
(101, 26, 4, '2025-08-07', '2025-03-25', '2025-03-22', 40),
(102, 25, 3, '2025-08-09', '2025-03-15', '2025-03-18', 0),
(103, 26, 7, '2025-08-11', '2025-03-21', '2025-03-23', 0),
(104, 26, 5, '2025-08-05', '2025-03-15', '2025-03-14', 10);